<?xml version="1.0" encoding="UTF-8"?>
<!DOCTYPE generatorConfiguration
	PUBLIC "-//mybatis.org//DTD MyBatis Generator Configuration 1.0//EN"
	"http://mybatis.org/dtd/mybatis-generator-config_1_0.dtd">
<generatorConfiguration>

	<!-- classPathEntry 元素 用于添加运行类路径位置到类路径中，加载数据库驱动依赖的jar包 -->
    <classPathEntry location="mysql-connector-java-5.1.45.jar" />
	<context id="context1" targetRuntime="MyBatis3">
		<commentGenerator>
			<property name="suppressDate" value="true" />
			<!-- 是否去除自动生成的注释 true：是 ： false:否 -->
			<property name="suppressAllComments" value="true" />
		</commentGenerator>

		<jdbcConnection connectionURL="jdbc:mysql://*********:3306/SSM"
			driverClass="com.mysql.jdbc.Driver" password="*******" userId="****" />

		<!-- 默认false，把JDBC DECIMAL 和 NUMERIC 类型解析为 Integer，为 true时把JDBC DECIMAL 
			和 NUMERIC 类型解析为java.math.BigDecimal -->
		<javaTypeResolver>
			<property name="forceBigDecimals" value="false" />
		</javaTypeResolver>

		<javaModelGenerator targetPackage="pojo" targetProject="src">
			<!-- enableSubPackages:是否让schema作为包的后缀 -->
			<property name="enableSubPackages" value="false" />
			<!-- 从数据库返回的值被清理前后的空格 -->
			<property name="trimStrings" value="true" />
		</javaModelGenerator>

		<sqlMapGenerator targetPackage="mapper" targetProject="src">
			<!-- enableSubPackages:是否让schema作为包的后缀 -->
			<property name="enableSubPackages" value="true" />
		</sqlMapGenerator>

		<javaClientGenerator targetPackage="mapper" type="XMLMAPPER" targetProject="src">
			<!-- enableSubPackages:是否让schema作为包的后缀 -->
			<property name="enableSubPackages" value="false" />
		</javaClientGenerator>

		<table schema="SSM" tableName="t_user" domainObjectName="User">
			<!-- <columnOverride column="???" property="???" /> -->
		</table>
		
		<table schema="SSM" tableName="goods">
			<!-- <columnOverride column="???" property="???" /> -->
		</table>
		
		<table schema="SSM" tableName="order">
			<!-- <columnOverride column="???" property="???" /> -->
		</table>
		
		<!-- <table schema="mybatis" tableName="course_select">
			<columnOverride column="???" property="???" />
		</table> -->
		
		<!-- <table schema="mybatis" tableName="student_info">
			<columnOverride column="???" property="???" />
		</table> -->
		
	</context>
</generatorConfiguration>